"Date Time","Tweet URL",Requester,"Media URL","Hash Tag",Source
"2015-08-21 17:37:44",https://twitter.com/aruna470/status/634698278081196033,aruna470,http://pbs.twimg.com/media/CM7muDuUEAEMwl5.jpg,#gtest,search
"2015-08-20 20:11:02",https://twitter.com/ArunaAttanayake/status/634374588281913344,ArunaAttanayake,http://pbs.twimg.com/media/CM3AU1LUkAA-jjA.jpg,#gtest,
"2015-08-20 19:46:01",https://twitter.com/ArunaAttanayake/status/634368291792814080,ArunaAttanayake,http://pbs.twimg.com/media/CM26mUtU8AA0MaS.jpg,#gtest,
"2015-08-20 19:45:08",https://twitter.com/ArunaAttanayake/status/634367983066877953,ArunaAttanayake,http://pbs.twimg.com/media/CM26UWyUEAAuzFl.jpg,#gtest,
"2015-08-20 19:42:28",https://twitter.com/ArunaAttanayake/status/634367264901304320,ArunaAttanayake,http://pbs.twimg.com/media/CM25qifUwAA2NSl.jpg,#gtest,
"2015-08-20 19:36:32",https://twitter.com/ArunaAttanayake/status/634365726753583105,ArunaAttanayake,http://pbs.twimg.com/media/CM24RAxUsAEaop4.jpg,#gtest,
"2015-08-17 19:29:39",https://twitter.com/ArunaAttanayake/status/633277000614981633,ArunaAttanayake,http://pbs.twimg.com/media/CMnaE0jUEAAPUs7.jpg,#gtest,
"2015-08-17 08:09:47",https://twitter.com/ArunaAttanayake/status/633105904783634432,ArunaAttanayake,http://pbs.twimg.com/media/CMk-dvBUEAAZj5u.jpg,#gtest,
"2015-08-17 08:09:03",https://twitter.com/ArunaAttanayake/status/633105723765854208,ArunaAttanayake,http://pbs.twimg.com/media/CMk-TJ7VEAANSxN.jpg,#gtest,
"2015-08-17 08:06:37",https://twitter.com/ArunaAttanayake/status/633105106318200832,ArunaAttanayake,http://pbs.twimg.com/media/CMk9vQZVEAEXVX_.jpg,#gtest,
"2015-08-17 07:59:27",https://twitter.com/ArunaAttanayake/status/633103301605625857,ArunaAttanayake,http://pbs.twimg.com/media/CMk8GNcU8AEU7FJ.jpg,#gtest,
"2015-08-17 07:55:04",https://twitter.com/ArunaAttanayake/status/633102202177871872,ArunaAttanayake,http://pbs.twimg.com/media/CMk7GNcVAAAi8jJ.jpg,#gtest,
"2015-08-15 06:40:31",https://twitter.com/ArunaAttanayake/status/632358673545740288,ArunaAttanayake,http://pbs.twimg.com/media/CMaW3JvVEAAdaV1.jpg,#gtest,
